Feature,Chi2,p_value,dof,Cramers_V,Min_expected,Interpretation,p_adj,Significant_raw,Significant_FDR
Thyroid_Cancer_Risk,45937.35400062795,0.0,2,0.4647437268180098,7423.507861354297,medium,0.0,True,True
Family_History,4222.112033969995,0.0,1,0.1408949492025349,14851.437109165625,small,0.0,True,True
Iodine_Deficiency,2086.157102935803,0.0,1,0.09903873274105988,12337.122448691727,negligible,0.0,True,True
Radiation_Exposure,1686.2015266270926,0.0,1,0.08904023720481107,7413.769128053224,negligible,0.0,True,True
Diabetes,2.2085712920610256,0.13724572474353364,1,0.003222458110602728,9911.398810447376,negligible,0.2195931595896538,False,False
Gender,0.4471850152718678,0.5036747859275515,1,0.001450020590791108,19817.352214062044,negligible,0.6573797034135219,False,False
Obesity,0.31404715931453575,0.5752072404868317,1,0.001215144660624568,14866.562904939676,negligible,0.6573797034135219,False,False
Smoking,0.14642428216926515,0.7019761334778924,1,0.000829732537469399,9873.700496038742,negligible,0.7019761334778924,False,False
