Feature,Benign_median,Malignant_median,U_stat,p_value,Rank_biserial_r,Interpretation,p_adj,Significant_raw,Significant_FDR
Nodule_Size,2.52,2.5,4053194103.5,0.21646419521120208,-0.003661846209014108,negligible,0.4553693555737345,False,False
TSH_Level,5.05,5.03,4053197969.0,0.21789077357842124,-0.0036505030767424174,negligible,0.4553693555737345,False,False
T3_Level,2.0,2.0,4051564929.5,0.27322161334424067,-0.00324613079385494,negligible,0.4553693555737345,False,False
T4_Level,8.23,8.27,4031536029.0,0.5644364581063765,0.00170729654503321,negligible,0.7055455726329707,False,False
Age,52.0,52.0,4037713168.5,0.9505189698968824,0.00018383413815115102,negligible,0.9505189698968824,False,False
